{
  "Le Puy-en-Velay": [
    45.0459739,
    3.8855537
  ],
  "Saint-Privat-d'Allier": [
    44.9900707,
    3.6784465
  ],
  "Saugues": [
    44.959244,
    3.5446108
  ],
  "Saint-Alban-sur-Limagnole": [
    44.7814103,
    3.3866367
  ],
  "Aumont-Aubrac": [
    44.7165458,
    3.2843385
  ],
  "Nasbinals": [
    44.6625448,
    3.0465813
  ],
  "Saint-Chély-d'Aubrac": [
    44.5904372,
    2.921377
  ],
  "Saint-Côme-d'Olt": [
    44.5148793,
    2.8149641
  ],
  "Espalion": [
    44.5206809,
    2.7616471
  ],
  "Estaing": [
    42.9405649,
    -0.1781125
  ],
  "Golinhac": [
    44.6050025,
    2.5819894
  ],
  "Conques": [
    44.5995543,
    2.3981666
  ],
  "Decazeville": [
    44.5585148,
    2.2542071
  ],
  "Figeac": [
    44.6092335,
    2.0324321
  ],
  "Cajarc": [
    44.486397,
    1.8421185
  ],
  "Limogne-en-Quercy": [
    44.3970338,
    1.7695063
  ],
  "Cahors": [
    44.4495,
    1.4364999
  ],
  "Lauzerte": [
    44.2565123,
    1.1383233
  ],
  "Moissac": [
    44.1050886,
    1.0846682
  ],
  "Auvillar": [
    44.0706271,
    0.8995199
  ],
  "Lectoure": [
    43.9352778,
    0.6219444
  ],
  "Condom": [
    43.9564563,
    0.3745929
  ],
  "Éauze": [
    43.8613548,
    0.1003051
  ],
  "Nogaro": [
    43.7591667,
    -0.0327778
  ],
  "Aire-sur-l'Adour": [
    43.7006462,
    -0.2647028
  ],
  "Miramont-Sensacq": [
    43.5947779,
    -0.3271478
  ],
  "Arzacq-Arraziguet": [
    43.5362569,
    -0.4116715
  ],
  "Arthez-de-Béarn": [
    43.4645781,
    -0.6150029
  ],
  "Navarrenx": [
    43.3221488,
    -0.761038
  ],
  "Aroue": [
    43.312463,
    -0.9139614
  ],
  "Saint-Palais": [
    43.3273438,
    -1.0345115
  ],
  "Ostabat-Asmé": [
    43.255893,
    -1.0714
  ],
  "Saint-Jean-Pied-de-Port": [
    43.1629528,
    -1.2380528
  ]
}